Team Roster,/bulls/roster
Stats,/stats/team/1610612741/traditional/
Team Leaders,/bulls/leaders
Staff Directory,/bulls/chicago-bulls-staff-directory
Career Opportunities,/bulls/career-opportunities
Click Tix,https://am.ticketmaster.com/bulls/?wt.mc_id=NBA_TEAM_CHI_AM_PAGE&_ga=2.52805288.1618705923.1655777842-2053900119.1655777842
Schedule,/bulls/schedule
Season Tickets,/bulls/tickets/seasons
Single Tickets,/bulls/tickets/single
Group Tickets,/bulls/tickets/groups
Family Ticket Packs,/bulls/tickets/family-ticket-packs
Student Pass,/bulls/tickets/student-pass
Splash Zone,/bulls/splashzone
Print Schedule,https://cdn.nba.com/teams/uploads/sites/1610612741/2025/01/Bulls_2425_Schedule_012925.pdf
Windy City Bulls,https://windycity.gleague.nba.com/tickets/
Jerseys,https://shop.bulls.com/collections/jerseys
Hats,https://shop.bulls.com/collections/hats
Men's,https://shop.bulls.com/collections/mens-apparel
Women's,https://shop.bulls.com/collections/womens-apparel
Kids,https://shop.bulls.com/collections/youth-shirts
Madhouse Team Store,http://www.madhouseteamstore.com/
Scoreboard Messages,/bulls/community/fan-experiences
50/50 Raffle,https://bullsraffle.com/
Annual Report,https://chibullsdigital.com/docs/cr/Community_Impact_Report_24_25.pdf
Seating Charts,http://www.unitedcenter.com/venue/seating-charts/
Directions / Parking,/bulls/tickets/united-center-parking
Rideshare,http://www.unitedcenter.com/venue/rideshare/
Dining/Catering,http://www.unitedcenter.com/venue/dining/
Sam Smith,/bulls/sam-smith
Partner News,/bulls/partner-news
Injury Report,/bulls/
Game Notes,/bulls/game-notes
